residuals,objectives,elapsed_time
1.0,0.0,0.0
3.7034029757065925,-1.0452739320238544e-6,0.24597883224487305
3.0417395759969015,-1.5804979562435314e-6,0.24601387977600098
2.585158109789117,-1.9738153107237997e-6,0.24604392051696777
2.178329810565869,-2.249367456932046e-6,0.24607396125793457
2.642448457169006,-2.4545758989110083e-6,0.24610495567321777
2.3830551399662774,-3.3053387216077784e-6,0.24613380432128906
2.710091738869015,-3.7142409836050967e-6,0.24616289138793945
2.834305747534996,-4.098285859855406e-6,0.24619293212890625
3.0526611721360615,-4.543483837060457e-6,0.24622297286987305
3.3612152156525825,-5.075783804467904e-6,0.24625182151794434
2.543925407944964,-5.521365626223027e-6,0.24628400802612305
2.9199867576948395,-6.025138946502123e-6,0.24631500244140625
3.5809798868130165,-6.672214467265575e-6,0.24634599685668945
4.336216422831508,-7.723673940823338e-6,0.24637889862060547
3.925282645425618,-8.573386441640578e-6,0.24641180038452148
2.1774725863821023,-9.05623193181436e-6,0.2464449405670166
2.4031659134086687,-9.387547573561648e-6,0.24647879600524902
2.5627445254988452,-9.6645438669391e-6,0.24651288986206055
2.207147178976953,-1.0043179969092479e-5,0.24654793739318848
2.079617677367166,-1.0247497908880005e-5,0.2465829849243164
2.1220484849793344,-1.0700926637826196e-5,0.24661898612976074
2.3439148002901504,-1.0953467127287286e-5,0.24665594100952148
2.5989830254910498,-1.134809820373931e-5,0.24669289588928223
2.502864323333852,-1.1786770813549274e-5,0.24673080444335938
3.143521272046829,-1.2297714384785515e-5,0.24676895141601562
2.8733653263568906,-1.277137282915444e-5,0.24680781364440918
3.0382763409952447,-1.3259170245080289e-5,0.24684691429138184
2.551828406746512,-1.3696724904546646e-5,0.2468879222869873
1.888312787185322,-1.401013530644107e-5,0.24692797660827637
1.691426473774669,-1.4207485364904079e-5,0.24696993827819824
1.7773297907701417,-1.45715627558595e-5,0.24701189994812012
2.1148524453026356,-1.490634635346094e-5,0.247053861618042
1.832407865719804,-1.5145951396136606e-5,0.24709677696228027
1.6287210586670462,-1.5395200808025187e-5,0.24713993072509766
1.8476424865446468,-1.5602776806900245e-5,0.24718379974365234
1.3695711854240624,-1.5698331747584035e-5,0.24722886085510254
1.1121774843762595,-1.584655881452302e-5,0.24727392196655273
1.066793503596419,-1.59095334867685e-5,0.24732089042663574
0.7974486480510713,-1.5972718332614724e-5,0.24736690521240234
0.8407117423193429,-1.60174630951417e-5,0.24741387367248535
0.7815733541346445,-1.6065481391705974e-5,0.24746298789978027
0.7673583478475194,-1.6113791598982385e-5,0.2475109100341797
0.535050143509139,-1.6144026108582523e-5,0.2475597858428955
0.3844398548535287,-1.6162045057958082e-5,0.24760890007019043
0.5484428634414891,-1.6187726797803767e-5,0.24765896797180176
0.5748992773359413,-1.6204495135159086e-5,0.2477099895477295
0.3746811837901802,-1.621857267907727e-5,0.24776196479797363
0.45532045659278647,-1.623957593719567e-5,0.24781394004821777
0.45143676486305084,-1.6259465162656482e-5,0.24786591529846191
0.5960123316296912,-1.6279690098315235e-5,0.24791979789733887
0.5566856314187378,-1.631694733857598e-5,0.24797391891479492
0.564145171536666,-1.63531425007031e-5,0.24802899360656738
0.571230826644337,-1.6380731553189078e-5,0.24808382987976074
0.6839437677607261,-1.6398310088241225e-5,0.2481389045715332
0.5347911577848994,-1.6432040005141033e-5,0.24819588661193848
0.5131007598252183,-1.646769062319761e-5,0.24825382232666016
0.6127175293138145,-1.6497344220164282e-5,0.24831199645996094
0.6307609371492506,-1.6521782209601016e-5,0.24836993217468262
0.6172914993380245,-1.6558546724562933e-5,0.2484288215637207
0.498822677949978,-1.657956067529517e-5,0.2484879493713379
0.5453114064181119,-1.6601626368262995e-5,0.24854779243469238
0.521560242779448,-1.6633997249774863e-5,0.24860787391662598
0.4001344420634052,-1.665670982626705e-5,0.24866890907287598
0.3709304207647149,-1.6666250688340393e-5,0.24872994422912598
0.28564505564990456,-1.667769051561718e-5,0.24879193305969238
0.3321495791264467,-1.668628616704904e-5,0.2488539218902588
0.3420746152093296,-1.6698971663745247e-5,0.2489168643951416
0.39437206753085274,-1.6711556667414445e-5,0.24897980690002441
0.2994826439314783,-1.6724433303449254e-5,0.24904394149780273
0.3013718471435206,-1.673380093304947e-5,0.24910783767700195
0.27624098875142455,-1.674672337888441e-5,0.24917292594909668
0.2531098858132848,-1.6751942622783214e-5,0.2492389678955078
0.24690948556635736,-1.6759069767805567e-5,0.24930787086486816
0.2550245597359307,-1.6767042277870045e-5,0.2493739128112793
0.24635012410725854,-1.6773121962444857e-5,0.24944186210632324
0.23493790927850533,-1.677745246393489e-5,0.2495439052581787
0.1757716664698784,-1.678219965932324e-5,0.24966096878051758
0.18112051886753652,-1.6786088407801697e-5,0.2497389316558838
0.16966991152292143,-1.678955884043426e-5,0.24981188774108887
0.20567411018177315,-1.6795477364176556e-5,0.24988293647766113
0.15226580866261674,-1.680017959054701e-5,0.24998784065246582
0.11245925367994958,-1.6802506876979072e-5,0.2500729560852051
0.13045430116757364,-1.6804464031979844e-5,0.2501487731933594
0.12697205304126924,-1.680664392573792e-5,0.25022292137145996
0.15702247412690307,-1.6808669711317922e-5,0.25029778480529785
0.11306723467608717,-1.681120135171274e-5,0.25037097930908203
0.09721732588349206,-1.6812888097713084e-5,0.2504458427429199
0.09852109619935086,-1.6814744257048425e-5,0.2505228519439697
0.08993597566225259,-1.6815969283334315e-5,0.2505989074707031
0.09010905242347024,-1.6816935971258746e-5,0.25067591667175293
0.09518241037512715,-1.6818479716809025e-5,0.25075292587280273
0.1015541942692552,-1.681979437770783e-5,0.25082993507385254
0.10651943790149805,-1.6821518460671798e-5,0.25090789794921875
0.09221156873046359,-1.6823700856936463e-5,0.25098681449890137
0.11880792296001015,-1.6825086762527032e-5,0.2510659694671631
0.09190853682394094,-1.6826276502973022e-5,0.2511458396911621
0.08580636492963017,-1.682731538499606e-5,0.25122690200805664
0.09254357719906585,-1.682855047970708e-5,0.2513139247894287
0.11453464003001419,-1.683025957840286e-5,0.25139594078063965
0.1050077096639469,-1.6832516962080163e-5,0.2514779567718506
0.1014763795744439,-1.683425724761943e-5,0.2515599727630615
0.12416463263646628,-1.683588075148305e-5,0.25164079666137695
0.11964357378407593,-1.683840319711732e-5,0.2517228126525879
0.09971263708386774,-1.684170506962103e-5,0.25180482864379883
0.10106715424576716,-1.684383054178778e-5,0.25188684463500977
0.10067659866710178,-1.684501606205766e-5,0.2519688606262207
0.12403467208654323,-1.6846964534206693e-5,0.25205183029174805
0.12268497785117768,-1.684906525830664e-5,0.252133846282959
0.12470777441633671,-1.685205197480669e-5,0.25223398208618164
0.11188534791405486,-1.6853926179295397e-5,0.25238680839538574
0.09384840625561518,-1.6855880801962467e-5,0.2524747848510742
0.11590320154940603,-1.6858185833936825e-5,0.2525599002838135
0.11154829669778338,-1.6859814489939136e-5,0.2526419162750244
0.1968714312725143,-1.686104200327235e-5,0.2527289390563965
0.1150539417415287,-1.6862136785855177e-5,0.252810001373291
0.12686177872962565,-1.6864111288680575e-5,0.25289177894592285
0.14066948160831655,-1.6864763253572164e-5,0.25298094749450684
0.13775660140338902,-1.6866842799705853e-5,0.2530667781829834
0.17612917043665036,-1.6868605638304453e-5,0.25314998626708984
0.11468145465947686,-1.6869397523208555e-5,0.2532320022583008
0.10531972995025797,-1.6870917253044775e-5,0.2533268928527832
0.1529985606454749,-1.687162914978809e-5,0.2534158229827881
0.11471580616212318,-1.6873341186047614e-5,0.25349998474121094
0.17412954251694632,-1.6874530003602205e-5,0.2535829544067383
0.08955492776766238,-1.6875386787334278e-5,0.2536649703979492
0.13189822413422256,-1.6876385795412515e-5,0.2537519931793213
0.08007911446817954,-1.6876951130456688e-5,0.2538328170776367
0.11606682741067637,-1.687735513823719e-5,0.25391483306884766
0.12862192602049613,-1.6878605719624364e-5,0.25400280952453613
0.11495123922000015,-1.6879565642468928e-5,0.2540879249572754
0.0938209541534583,-1.6880301233647802e-5,0.25416994094848633
0.12397118635503863,-1.6880919161710802e-5,0.25425195693969727
0.07665442995484475,-1.6881880576289095e-5,0.2543339729309082
0.09251359472892529,-1.6882178149379768e-5,0.25441598892211914
0.10251094712565867,-1.6883018914154972e-5,0.2544980049133301
0.09893826373652848,-1.6883434989971056e-5,0.2545797824859619
0.07978216529175128,-1.6884070301585926e-5,0.25466179847717285
0.09854002313730378,-1.6884510217900264e-5,0.2547438144683838
0.10485801646335435,-1.6885252334795415e-5,0.2548248767852783
0.09519216597735077,-1.6885885529101298e-5,0.25490689277648926
0.07871447215418988,-1.6886729955748825e-5,0.2549879550933838
0.08559820605896677,-1.6887405766119363e-5,0.25507092475891113
0.07879146406959427,-1.6887779412340274e-5,0.2551538944244385
0.118819177993033,-1.68883602359873e-5,0.2552368640899658
0.07237002534199272,-1.6888770968985916e-5,0.2553219795227051
0.11266893408330719,-1.6889391925819642e-5,0.2554049491882324
0.07041812343854484,-1.6890017399155697e-5,0.25548791885375977
0.06703631130554598,-1.6890497264369485e-5,0.2555699348449707
0.06412888563492355,-1.6890723495197433e-5,0.25565099716186523
0.062343511081969824,-1.689101058703676e-5,0.2557339668273926
0.04405756785663719,-1.689121352706222e-5,0.2558159828186035
0.06464849583549605,-1.6891647776348896e-5,0.25589895248413086
0.05173247064060284,-1.6891824716288362e-5,0.2559809684753418
0.05664178766265645,-1.689212384510959e-5,0.25606298446655273
0.05030878039519375,-1.6892335930471473e-5,0.25614500045776367
0.06764218207613705,-1.689253304702785e-5,0.2562258243560791
0.048945593664023984,-1.6892748643888822e-5,0.25630784034729004
0.07073062553441241,-1.6893066845201716e-5,0.256389856338501
0.036736257257841826,-1.689332047190476e-5,0.2564718723297119
0.04412107255644047,-1.689373901986715e-5,0.25655484199523926
0.03645739071577303,-1.689400657643673e-5,0.2566378116607666
0.05158791121233066,-1.689412687973063e-5,0.25671982765197754
0.052167716204353766,-1.6894316239601046e-5,0.2568018436431885
0.03940410697121625,-1.6894422389499626e-5,0.2568848133087158
0.054078362559691624,-1.6894611696360317e-5,0.25696778297424316
0.031082302812512393,-1.6894828030468557e-5,0.2570497989654541
0.03896618679911739,-1.689513747969726e-5,0.25713300704956055
0.04852512426633416,-1.6895259657982622e-5,0.2572147846221924
0.04201461486097398,-1.68954096197963e-5,0.2573719024658203
0.03924726628113793,-1.6895576428036356e-5,0.25754380226135254
0.0323050092553092,-1.6895689161988913e-5,0.25763678550720215
0.04732178673776388,-1.689581378861773e-5,0.2577219009399414
0.02784681438137745,-1.6895972524806356e-5,0.25780582427978516
0.047288887753985466,-1.6896112023417183e-5,0.25789499282836914
0.0353931259707027,-1.689624807588692e-5,0.2579789161682129
0.038752230799747815,-1.6896363666692177e-5,0.25806188583374023
0.03094848276541867,-1.6896514584188705e-5,0.2581448554992676
0.032102485806147496,-1.6896680998726955e-5,0.2582278251647949
0.03811635414989408,-1.6896772380939492e-5,0.2583329677581787
0.03416451673091421,-1.6896944711962527e-5,0.25841498374938965
0.03697288533006703,-1.689705652484218e-5,0.258497953414917
0.03699838484360121,-1.6897219192254632e-5,0.2585887908935547
0.06439798403291902,-1.6897512829844292e-5,0.2586989402770996
0.04355442587950485,-1.6897828733133104e-5,0.2588028907775879
0.058536199950226166,-1.6898036727737564e-5,0.2589077949523926
0.03844826120534769,-1.689838081323352e-5,0.25902700424194336
0.04643956952375566,-1.6898494702544052e-5,0.259138822555542
0.045738841425052544,-1.6898782593050144e-5,0.2592499256134033
0.04637334438609535,-1.6899006131453725e-5,0.2593388557434082
0.039295207076266415,-1.6899228398498792e-5,0.25942182540893555
0.025480972641074198,-1.6899430894953912e-5,0.2595059871673584
0.03870723445586367,-1.6899626417221265e-5,0.25958800315856934
0.03820725973718566,-1.6899781426782143e-5,0.2596719264984131
0.036551016075500035,-1.6900010839171185e-5,0.25975584983825684
0.0424973323345439,-1.6900226393714845e-5,0.2598378658294678
0.021062559991603776,-1.6900355912205257e-5,0.2599208354949951
0.023844086131215338,-1.6900429959376277e-5,0.26000380516052246
0.03251506499594973,-1.690051765077438e-5,0.260084867477417
0.02250542132841565,-1.6900617397229625e-5,0.26016688346862793
0.026062640387839203,-1.6900679576278244e-5,0.2602498531341553
0.016438721836810815,-1.6900756308154126e-5,0.2603318691253662
0.020528685214057395,-1.6900830380036553e-5,0.26041483879089355
0.015774058653377755,-1.6900890610091705e-5,0.2604978084564209
0.020112969092123404,-1.690095298464833e-5,0.26057982444763184
0.024516682553170455,-1.6901021654795497e-5,0.2606618404388428
0.014820295662913343,-1.6901075056577665e-5,0.2607438564300537
0.015161347547342087,-1.690113461047976e-5,0.26082587242126465
0.022785667737734192,-1.690116875903842e-5,0.2609078884124756
0.02191569297418157,-1.690125540603603e-5,0.26099181175231934
0.021157848106907327,-1.690129803733028e-5,0.2610747814178467
0.015526843390679362,-1.6901369605022453e-5,0.2611579895019531
0.017710665213704978,-1.6901401778193126e-5,0.26124000549316406
0.015187693353790438,-1.690146501247808e-5,0.2613217830657959
0.014821263188884345,-1.6901490755602358e-5,0.26140379905700684
0.013772478775824135,-1.6901521641151897e-5,0.2614858150482178
0.01818023535604595,-1.690157211357692e-5,0.2615699768066406
0.012372995131431993,-1.690159948936996e-5,0.2616539001464844
0.011848767471494574,-1.6901638905748097e-5,0.2617359161376953
0.011562588668399064,-1.690166837320073e-5,0.26182079315185547
0.011628006114398392,-1.690168876115553e-5,0.2619059085845947
0.007496920388588298,-1.6901708193774673e-5,0.26198697090148926
0.012747950459597686,-1.6901711530485227e-5,0.2620689868927002
0.008864988136782716,-1.6901722164835872e-5,0.26215100288391113
0.011422101495354007,-1.690173438848103e-5,0.2622349262237549
0.020647637701182216,-1.6901748505974358e-5,0.2623288631439209
0.01144665301604042,-1.6901764735549408e-5,0.2624328136444092
0.022965455611758723,-1.6901782197612548e-5,0.2625157833099365
0.00826187140606959,-1.690179678846446e-5,0.2625999450683594
0.01314559245305047,-1.6901810156238668e-5,0.2626829147338867
0.017091360174291907,-1.690182328812143e-5,0.26276588439941406
0.008365027905976853,-1.6901832513019012e-5,0.262847900390625
0.016474572573338238,-1.690183853894548e-5,0.26292991638183594
0.011473827759082372,-1.690185985759785e-5,0.26301097869873047
0.0149281103220163,-1.690187127193272e-5,0.2630929946899414
0.01478156034263144,-1.6901880026660284e-5,0.26317477226257324
0.00808049744633243,-1.69018992562996e-5,0.2632579803466797
0.008694891094810735,-1.690190215279571e-5,0.2633399963378906
0.01103966845473219,-1.6901914531090393e-5,0.26342082023620605
0.01078742056450315,-1.690192008624346e-5,0.263502836227417
0.010506013068260633,-1.6901927931669068e-5,0.26358485221862793
0.01338056329217994,-1.6901936284064503e-5,0.2636687755584717
0.007996073200368154,-1.69019430957448e-5,0.2637519836425781
0.008489370765710838,-1.6901946085472208e-5,0.26383399963378906
0.010517706525483594,-1.6901952646189367e-5,0.2639157772064209
0.009139698526910158,-1.6901958811915175e-5,0.26399779319763184
0.010195161500154438,-1.6901965429413215e-5,0.2640798091888428
0.014571388311581458,-1.6901975424110393e-5,0.2641627788543701
0.00747567070524813,-1.69019853505373e-5,0.26424479484558105
0.011417558721722908,-1.690200352042483e-5,0.264326810836792
0.007656945136091951,-1.6902007514928175e-5,0.26441097259521484
0.008544279864907934,-1.6902009989150994e-5,0.2644929885864258
0.008736732375432077,-1.6902016866676003e-5,0.2645759582519531
0.008265436950267647,-1.690202190127259e-5,0.26465797424316406
0.008130688612044986,-1.6902026240008984e-5,0.264739990234375
0.012325128626334485,-1.6902036498228947e-5,0.26482200622558594
0.006893523832297292,-1.6902042380026607e-5,0.2649037837982178
0.011579117341677209,-1.69020476294522e-5,0.2649869918823242
0.008625939785305063,-1.6902055390119237e-5,0.26506900787353516
0.006820580201146798,-1.6902064103390133e-5,0.2651519775390625
0.012460064061260209,-1.690207040525134e-5,0.26523399353027344
0.009823131431113232,-1.6902080900816338e-5,0.2653160095214844
0.009666806474148228,-1.6902087155533602e-5,0.2653977870941162
0.011415242268604239,-1.690209378310914e-5,0.26547980308532715
0.01123862533088405,-1.690210117382742e-5,0.2655649185180664
0.007375184176254307,-1.6902109330320288e-5,0.26564884185791016
0.00965654363932648,-1.690211766860664e-5,0.2657308578491211
0.010877685028667072,-1.690212675379608e-5,0.26581287384033203
0.006773050127089123,-1.690213338967339e-5,0.26589488983154297
0.009751296637534658,-1.690214393538352e-5,0.2659769058227539
0.008595985734593975,-1.6902150672265292e-5,0.26605892181396484
0.010063545383250667,-1.69021548290727e-5,0.2661418914794922
0.008866536431843344,-1.6902161074950543e-5,0.2662239074707031
0.007675024222222566,-1.6902169527046737e-5,0.26630592346191406
0.007617496937903643,-1.6902176493930956e-5,0.2663888931274414
0.008487832675862384,-1.6902180802229252e-5,0.26647400856018066
0.006225584162302764,-1.6902187850003997e-5,0.26656198501586914
0.009400648143474393,-1.690219534277298e-5,0.2666468620300293
0.011708061104989868,-1.690220120932631e-5,0.26672887802124023
0.0063736419959266105,-1.6902215056466452e-5,0.2668118476867676
0.00996251996332632,-1.6902224145809225e-5,0.2668938636779785
0.009304775525937286,-1.6902231423199436e-5,0.26697587966918945
0.008618199743632267,-1.690223817231211e-5,0.2670578956604004
0.00964298484931367,-1.6902244952202465e-5,0.26713991165161133
0.010147679003324903,-1.690225732298494e-5,0.26725077629089355
0.006781407752069674,-1.6902262592048835e-5,0.26733899116516113
0.004931753509673374,-1.690226548907343e-5,0.26742100715637207
0.005600310721885905,-1.6902270733626535e-5,0.2675018310546875
0.00759089768987602,-1.690227640221503e-5,0.26758384704589844
0.008677628748860357,-1.690228282252484e-5,0.2676658630371094
0.005979255303453519,-1.6902289138561663e-5,0.2677478790283203
0.006164002509688533,-1.6902292079901276e-5,0.26782989501953125
0.005047097156004215,-1.6902295819277608e-5,0.2679119110107422
0.004714600637480689,-1.690229959771603e-5,0.2679939270019531
0.00656700725520856,-1.6902301950195443e-5,0.26807594299316406
0.004845247764590643,-1.690230632974898e-5,0.2681570053100586
0.003925704732667142,-1.690230777751407e-5,0.26823878288269043
0.005396528802050051,-1.6902309700473307e-5,0.26832079887390137
0.005256104626705063,-1.690231293755376e-5,0.2684018611907959
0.004751961437808573,-1.6902315369321513e-5,0.26848387718200684
0.0035125111955222102,-1.6902317616666032e-5,0.2685658931732178
0.0028717133591916666,-1.6902319087307373e-5,0.2686469554901123
0.0034528036311702597,-1.6902319963226943e-5,0.26872897148132324
0.0034955060704253377,-1.6902322418746275e-5,0.2688109874725342
0.0020148937044978015,-1.6902323534461895e-5,0.2688918113708496
0.0028270223671004796,-1.690232444044904e-5,0.26897382736206055
0.0028317980956840023,-1.690232536814104e-5,0.2690558433532715
0.003319047246157789,-1.6902326464127912e-5,0.269136905670166
0.0027220682087818696,-1.6902328297743583e-5,0.26921892166137695
0.001795513855690248,-1.6902329013266157e-5,0.2692999839782715
0.002542248118933851,-1.690232983784275e-5,0.2693808078765869
0.0019559302523441766,-1.690233029752008e-5,0.26946282386779785
0.0030133054706816347,-1.6902331251288967e-5,0.2695438861846924
0.0014079762530131922,-1.6902331901475194e-5,0.2696249485015869
0.0021897017373497646,-1.6902332191975935e-5,0.26970696449279785
0.002180556330078978,-1.6902333262966592e-5,0.2697877883911133
0.0029318363121755542,-1.690233416910695e-5,0.2698698043823242
0.0019113401251328055,-1.6902334903074215e-5,0.26995086669921875
0.00175460424958648,-1.6902335447528487e-5,0.2700319290161133
0.002299511414629917,-1.6902336496594615e-5,0.2701129913330078
0.0017287622059179667,-1.690233735076385e-5,0.27019500732421875
0.0014895117673370427,-1.6902338087218325e-5,0.2702758312225342
0.0022459845854637893,-1.6902338483963462e-5,0.2703568935394287
0.0019776171324243775,-1.6902339037952337e-5,0.27043890953063965
0.0017633051952293671,-1.6902339481103238e-5,0.2705199718475342
0.0021946325407993243,-1.690233990195128e-5,0.2706007957458496
0.0016129971443901794,-1.6902340579580002e-5,0.27068185806274414
0.00205856609638463,-1.6902341150046514e-5,0.2707638740539551
0.0013890259566270572,-1.690234186681947e-5,0.2708449363708496
0.0021475046244637647,-1.690234243617807e-5,0.27092695236206055
0.0025430259059314687,-1.690234261092734e-5,0.271007776260376
0.001989242442213071,-1.6902342979819498e-5,0.2710897922515869
0.0018153735916565973,-1.690234347767349e-5,0.27117085456848145
0.0022253878295905123,-1.6902343966976072e-5,0.271251916885376
0.0025767976488051516,-1.690234417720462e-5,0.2713329792022705
0.0016738942933828646,-1.6902344563622485e-5,0.27141499519348145
0.0023868902252989974,-1.690234471531114e-5,0.2714958190917969
0.0017596968213558217,-1.6902345169639217e-5,0.2715768814086914
0.00115109640198624,-1.690234539066017e-5,0.27165889739990234
0.0021996325453109765,-1.6902345514415322e-5,0.2717399597167969
0.0009417890354896674,-1.6902345713373238e-5,0.2718219757080078
0.002201095904251056,-1.6902345816166408e-5,0.27190279960632324
0.0018361898203357293,-1.690234643868158e-5,0.2719848155975342
0.002170465260428291,-1.690234660200111e-5,0.2720658779144287
0.0013562794213941689,-1.6902346820965117e-5,0.27214789390563965
0.0017447488893186883,-1.690234707301429e-5,0.2722289562225342
0.0022007746373696683,-1.6902347493363225e-5,0.2723109722137451
0.0013378366808958631,-1.6902347632125538e-5,0.27239179611206055
0.001683276933341954,-1.690234782423368e-5,0.2724909782409668
0.0012726888650327443,-1.690234791614003e-5,0.27257299423217773
0.0016418659929446067,-1.690234808066741e-5,0.27265381813049316
0.0009631378515299289,-1.6902348165171896e-5,0.2727358341217041
0.001456172638809459,-1.690234829759102e-5,0.27281689643859863
0.0014501777737563203,-1.6902348415726027e-5,0.27289891242980957
0.0008378637320587129,-1.690234853901726e-5,0.2729809284210205
0.0009575410125395655,-1.6902348590642268e-5,0.27306485176086426
0.001021270938795429,-1.690234864266881e-5,0.2731459140777588
0.0018107578855555586,-1.6902348933779523e-5,0.2732279300689697
0.0009030181123128351,-1.6902349006533328e-5,0.27330994606018066
0.0008831663636470637,-1.690234904234757e-5,0.2733919620513916
0.0008936701288537423,-1.6902349156378145e-5,0.27347278594970703
0.0012892512117872953,-1.690234930215845e-5,0.27355480194091797
0.0009773740956638566,-1.6902349372373905e-5,0.2736358642578125
0.0007280407364544353,-1.6902349449947845e-5,0.27371788024902344
0.0007684520239569304,-1.6902349475717803e-5,0.27379894256591797
0.0009264454376485207,-1.6902349550137565e-5,0.2738809585571289
0.0008069223581767904,-1.6902349589846954e-5,0.27396297454833984
0.0011584273731871685,-1.690234971415377e-5,0.2740449905395508
0.0008108240706036969,-1.690234978468202e-5,0.2741258144378662
0.0007110268643925084,-1.6902349834200544e-5,0.27420783042907715
0.0009197486908155662,-1.6902349871021035e-5,0.2742898464202881
0.0008858011516721069,-1.6902349920408104e-5,0.2743709087371826
0.00166619431347024,-1.690235003379667e-5,0.27445197105407715
0.0007316432769106766,-1.6902350163658535e-5,0.2745339870452881
0.0006449610322554664,-1.6902350236882968e-5,0.2746148109436035
0.0009384851764121712,-1.6902350303971996e-5,0.27469682693481445
0.000878378112660161,-1.6902350367048574e-5,0.2747788429260254
0.0010036603260246747,-1.6902350466036683e-5,0.2748599052429199
0.001047638692007641,-1.6902350535647335e-5,0.27494192123413086
0.0007190408323451332,-1.690235058384564e-5,0.2750229835510254
0.0005772538348414331,-1.6902350604157724e-5,0.2751038074493408
0.000642032458167091,-1.6902350743901156e-5,0.27518582344055176
0.0006295109407130888,-1.6902350805107533e-5,0.2752678394317627
0.0006108899668366123,-1.690235083489307e-5,0.2753489017486572
0.0009060924698668832,-1.690235088222216e-5,0.27543091773986816
0.0006679575532935742,-1.690235095211849e-5,0.2755129337310791
0.0007316636426318666,-1.69023509814896e-5,0.27559494972229004
0.00110237004987502,-1.690235104590463e-5,0.275676965713501
0.0007197906373219176,-1.690235112489668e-5,0.2757577896118164
0.0008558194179691738,-1.6902351193037357e-5,0.27583980560302734
0.0008594807851395511,-1.6902351350970933e-5,0.2759218215942383
0.0007086185341412273,-1.6902351402827252e-5,0.2760028839111328
0.000667532416717021,-1.6902351434664727e-5,0.27608489990234375
0.0006687180570998201,-1.690235147818698e-5,0.2761669158935547
0.00092425132879914,-1.690235157752376e-5,0.2762489318847656
0.0005177608532559365,-1.6902351611412314e-5,0.27632999420166016
0.0006301224421384374,-1.6902351664093853e-5,0.276411771774292
0.0006477827687833927,-1.6902351738295644e-5,0.2764928340911865
0.0006248934383091543,-1.690235178293429e-5,0.27657485008239746
0.0004665924980021189,-1.6902351813555073e-5,0.2766568660736084
0.0006159688856954978,-1.6902351844565857e-5,0.27673888206481934
0.0005891837998860583,-1.690235187834707e-5,0.27681994438171387
0.0004939496615661717,-1.6902351906625763e-5,0.2769019603729248
0.00043243709323832963,-1.6902351945810408e-5,0.27698397636413574
0.00046187729944393224,-1.6902351959577383e-5,0.27706480026245117
0.0005070148329644686,-1.6902351980611444e-5,0.2771468162536621
0.0006594998993845201,-1.6902352027746378e-5,0.27722883224487305
0.0004111721469038258,-1.6902352052687426e-5,0.2773098945617676
0.0004258858401611761,-1.6902352071942663e-5,0.2773919105529785
0.00039648514514088637,-1.6902352086899195e-5,0.27747392654418945
0.00039896165154625383,-1.6902352108429678e-5,0.277554988861084
0.00033806709915404695,-1.69023521256826e-5,0.2776370048522949
0.0003499128176380881,-1.6902352154212365e-5,0.27771878242492676
0.0002451811855082745,-1.6902352160955418e-5,0.2777998447418213
0.000319449143463257,-1.6902352183782143e-5,0.2778818607330322
0.0003321226557907988,-1.6902352195740472e-5,0.27796292304992676
0.00038888835790939087,-1.690235221455263e-5,0.2780449390411377
0.0004589271514583467,-1.6902352233918724e-5,0.2781260013580322
0.00037412926946292925,-1.690235226340322e-5,0.27820682525634766
0.0002867265606542349,-1.6902352277755535e-5,0.2782878875732422
0.00033032823689209346,-1.6902352290758165e-5,0.2783689498901367
0.00030927003859319635,-1.690235230754295e-5,0.27844977378845215
0.0005913556941580143,-1.6902352330226997e-5,0.2785317897796631
0.00026574278033697474,-1.6902352365593716e-5,0.2786128520965576
0.0003351043752276167,-1.6902352374368798e-5,0.27869391441345215
0.00048675926555453276,-1.6902352393841133e-5,0.2787749767303467
0.0002655355656293333,-1.690235241841042e-5,0.2788569927215576
0.00022108286305425214,-1.690235242538427e-5,0.2789428234100342
0.0002666840305031547,-1.690235243539692e-5,0.2790238857269287
0.0005225953532421665,-1.690235245839051e-5,0.2791159152984619
0.00032537002675807797,-1.6902352480314208e-5,0.27920079231262207
0.00023954108619475014,-1.6902352506805594e-5,0.2792840003967285
0.0002400593068088234,-1.690235251576623e-5,0.27936482429504395
0.000464357621950213,-1.6902352536152375e-5,0.2794477939605713
0.00019738939849764603,-1.690235255259395e-5,0.2795298099517822
0.0002636114357779433,-1.6902352559886564e-5,0.27961182594299316
0.00041683823256584933,-1.6902352575781625e-5,0.2796938419342041
0.0005252773276638727,-1.6902352592110824e-5,0.27977585792541504
0.0002571325582144926,-1.6902352597849862e-5,0.279857873916626
0.00019954884386291755,-1.690235260178164e-5,0.2799389362335205
0.00024043125719651706,-1.6902352609077213e-5,0.28002095222473145
0.00030866618676862143,-1.6902352618411712e-5,0.2801029682159424
0.00033710362271184666,-1.6902352621719488e-5,0.2801849842071533
0.0002266912685428929,-1.6902352633656747e-5,0.2802698612213135
0.0003343361111403959,-1.690235263643907e-5,0.2803518772125244
0.00031955379493532496,-1.6902352651796964e-5,0.28043389320373535
0.0004511354655725797,-1.6902352663425062e-5,0.2805159091949463
0.00043620422580641413,-1.6902352670264698e-5,0.2805979251861572
0.0002257461851331303,-1.690235268853929e-5,0.28067994117736816
0.00033586609125196403,-1.6902352692217352e-5,0.2807610034942627
0.00018819049068467965,-1.6902352697053473e-5,0.28084278106689453
0.00043896297983326145,-1.6902352701562314e-5,0.28092479705810547
0.00022581084828147974,-1.6902352714974373e-5,0.281005859375
0.00013076180198452994,-1.690235271784062e-5,0.28108787536621094
0.0003566829734801745,-1.6902352723052557e-5,0.28116893768310547
0.000234934686948779,-1.690235272731148e-5,0.2812509536743164
0.0002480969193930107,-1.6902352731775712e-5,0.28133296966552734
0.00022961970989265166,-1.6902352734063656e-5,0.2814137935638428
0.00018662578033337417,-1.6902352740382302e-5,0.2814958095550537
0.0001471889598481362,-1.690235274160452e-5,0.28157687187194824
0.0001503743986199696,-1.6902352743533186e-5,0.2816588878631592
0.00024063895671235462,-1.690235274664062e-5,0.28174686431884766
0.000179628859758195,-1.6902352749154707e-5,0.2818279266357422
0.0001594883956290768,-1.690235275279483e-5,0.2819099426269531
0.00012173260586012363,-1.6902352753518997e-5,0.28199100494384766
0.00018957916092550696,-1.6902352754710223e-5,0.2820718288421631
0.00016519354587483037,-1.69023527566544e-5,0.282153844833374
0.00013009409947250676,-1.6902352759310374e-5,0.28223490715026855
7.831965581877868e-5,-1.6902352760973788e-5,0.2823169231414795
6.992237103705919e-5,-1.6902352761322166e-5,0.282397985458374
9.64407573054338e-5,-1.6902352761755955e-5,0.28248000144958496
0.0001752021941874204,-1.6902352763123307e-5,0.2825617790222168
0.00011137158222544474,-1.6902352764680777e-5,0.28264284133911133
0.00013184841666232452,-1.6902352765784047e-5,0.28272390365600586
5.757670072026461e-5,-1.690235276643425e-5,0.2828078269958496
7.88069127005067e-5,-1.690235276695154e-5,0.28288888931274414
0.00010213608433413051,-1.6902352767422257e-5,0.2829709053039551
0.00010484558092140895,-1.6902352768585165e-5,0.2830519676208496
9.219023183171692e-5,-1.690235276900865e-5,0.28313279151916504
7.775159431110163e-5,-1.6902352769693443e-5,0.2832179069519043
0.00010955481732954331,-1.690235277025411e-5,0.28329992294311523
6.458065368638293e-5,-1.690235277098152e-5,0.28338098526000977
4.641534098305172e-5,-1.6902352771200552e-5,0.2834630012512207
6.461669046857672e-5,-1.690235277142092e-5,0.28354382514953613
5.87486224966516e-5,-1.6902352772305998e-5,0.28362488746643066
3.886667922003817e-5,-1.690235277258875e-5,0.2837100028991699
5.0730027336761276e-5,-1.6902352772670446e-5,0.28379082679748535
6.712075152424998e-5,-1.6902352772949282e-5,0.2838728427886963
9.134906240171182e-5,-1.690235277357654e-5,0.2839539051055908
8.154485419707706e-5,-1.690235277411913e-5,0.28403592109680176
5.823147424499501e-5,-1.6902352774861788e-5,0.2841179370880127
5.720346951966909e-5,-1.690235277519864e-5,0.28420186042785645
6.511963810754743e-5,-1.6902352775503547e-5,0.2842838764190674
7.664050470474359e-5,-1.6902352776099354e-5,0.2843649387359619
4.7570664104431834e-5,-1.6902352776593374e-5,0.28444600105285645
6.240373380499237e-5,-1.6902352776751803e-5,0.2845277786254883
6.63464299044906e-5,-1.6902352777158277e-5,0.2846088409423828
7.291026218880156e-5,-1.6902352777713788e-5,0.28469085693359375
4.839854517012599e-5,-1.690235277795818e-5,0.2847719192504883
4.754116176141724e-5,-1.6902352778356137e-5,0.2848529815673828
5.067220973481181e-5,-1.6902352778967854e-5,0.28493499755859375
5.095224605030124e-5,-1.6902352779143058e-5,0.2850158214569092
5.25177616425816e-5,-1.690235277934846e-5,0.2850978374481201
6.461635703302601e-5,-1.6902352779711807e-5,0.28517985343933105
5.817366319484978e-5,-1.6902352780123153e-5,0.285261869430542
5.2019411859801314e-5,-1.690235278039186e-5,0.2853429317474365
5.818427680227019e-5,-1.690235278064519e-5,0.28542399406433105
6.678507848074638e-5,-1.6902352780956457e-5,0.2855057716369629
7.396971365860405e-5,-1.6902352781817832e-5,0.2855868339538574
4.228480822580236e-5,-1.6902352782858978e-5,0.28566884994506836
4.966231300683738e-5,-1.690235278335057e-5,0.2857499122619629
5.094688987150894e-5,-1.6902352783553535e-5,0.28583383560180664
3.98968286187779e-5,-1.6902352783735423e-5,0.2859158515930176
7.849081337206317e-5,-1.6902352784439755e-5,0.2859969139099121
4.657435468704264e-5,-1.690235278469761e-5,0.28607797622680664
6.940111702977299e-5,-1.690235278518785e-5,0.28615880012512207
4.6945879527062555e-5,-1.6902352785486376e-5,0.2862398624420166
6.575301757636131e-5,-1.690235278596681e-5,0.28632092475891113
8.140261115712578e-5,-1.6902352786367802e-5,0.2864058017730713
5.005729440951251e-5,-1.6902352787227405e-5,0.2865018844604492
3.921994280242062e-5,-1.6902352787513936e-5,0.28658294677734375
4.034384313997872e-5,-1.69023527876649e-5,0.2866640090942383
5.2671175524113864e-5,-1.6902352787926552e-5,0.2867457866668701
5.709344622867459e-5,-1.6902352788307453e-5,0.28682684898376465
3.0988252418471476e-5,-1.6902352788699124e-5,0.2869079113006592
3.308058702871948e-5,-1.6902352788832044e-5,0.2869889736175537
2.525716010294129e-5,-1.6902352788909263e-5,0.28707098960876465
3.4794394955546233e-5,-1.6902352789119236e-5,0.2871530055999756
3.0001055193962627e-5,-1.6902352789229492e-5,0.287233829498291
2.741051814550846e-5,-1.6902352789388308e-5,0.28731489181518555
2.035994901993236e-5,-1.6902352789459896e-5,0.2873959541320801
3.12970491338071e-5,-1.690235278957795e-5,0.2874767780303955
3.214833921150227e-5,-1.6902352789670644e-5,0.28755784034729004
3.31975138816611e-5,-1.690235278992873e-5,0.287639856338501
1.5630418623259922e-5,-1.690235279000191e-5,0.2877209186553955
2.8797990990867165e-5,-1.6902352790054662e-5,0.28780198097229004
2.609812362987246e-5,-1.690235279017651e-5,0.287883996963501
2.343539998714235e-5,-1.6902352790229127e-5,0.2879669666290283
2.115220488794511e-5,-1.6902352790371774e-5,0.2880549430847168
2.4126106800447025e-5,-1.690235279043669e-5,0.28813600540161133
1.8656496168479237e-5,-1.6902352790485578e-5,0.28821682929992676
2.5602144020291244e-5,-1.6902352790560913e-5,0.2882988452911377
2.960758857731994e-5,-1.6902352790769554e-5,0.2883799076080322
2.9763194620066237e-5,-1.6902352790912544e-5,0.2884669303894043
3.133403543958027e-5,-1.6902352790970054e-5,0.28854894638061523
2.5129717867326767e-5,-1.6902352790996403e-5,0.28863000869750977
2.344413621436295e-5,-1.690235279105586e-5,0.2887139320373535
2.4845886916083294e-5,-1.6902352791159244e-5,0.28879594802856445
2.698288423598374e-5,-1.6902352791258147e-5,0.2888798713684082
2.826722404451161e-5,-1.6902352791282433e-5,0.28896093368530273
1.42426061099615e-5,-1.6902352791342098e-5,0.28904294967651367
2.757203240002659e-5,-1.690235279136807e-5,0.2891268730163574
2.2682919760224448e-5,-1.690235279140079e-5,0.28921079635620117
3.315223948454355e-5,-1.690235279147223e-5,0.2892928123474121
3.5664365901572316e-5,-1.6902352791525812e-5,0.28937387466430664
2.0433108858945857e-5,-1.690235279156764e-5,0.2894558906555176
1.7848544790383513e-5,-1.690235279162038e-5,0.2895369529724121
2.6037759061136125e-5,-1.690235279164441e-5,0.28961896896362305
2.0579388212157476e-5,-1.6902352791672085e-5,0.2896997928619385
3.697355465278246e-5,-1.690235279175307e-5,0.2897818088531494
3.18456813541598e-5,-1.6902352791808294e-5,0.28986287117004395
1.7098106737475396e-5,-1.6902352791865354e-5,0.2899448871612549
2.185901128964799e-5,-1.690235279191553e-5,0.2900259494781494
2.196356279390858e-5,-1.6902352791938863e-5,0.29010796546936035
1.3471830333375504e-5,-1.6902352791954787e-5,0.2901887893676758
2.8730025816404052e-5,-1.6902352792004233e-5,0.29027295112609863
1.3806106931859036e-5,-1.6902352792027025e-5,0.29035377502441406
1.4551794457087768e-5,-1.6902352792046128e-5,0.290435791015625
1.8165159150052776e-5,-1.6902352792069733e-5,0.29051685333251953
1.0028884446440195e-5,-1.6902352792080185e-5,0.29059886932373047
2.6678956272294614e-5,-1.690235279211697e-5,0.290679931640625
1.7454905585597432e-5,-1.6902352792138112e-5,0.29076099395751953
1.893043124901048e-5,-1.6902352792154297e-5,0.29084277153015137
1.513595178845218e-5,-1.690235279217042e-5,0.2909238338470459
1.3400933287946863e-5,-1.6902352792199674e-5,0.29100489616394043
1.5112260595591383e-5,-1.6902352792209893e-5,0.29108691215515137
1.2244687108946961e-5,-1.690235279222911e-5,0.2911679744720459
1.02862681987456e-5,-1.690235279225493e-5,0.29124999046325684
1.8056658606708102e-5,-1.6902352792273766e-5,0.29133081436157227
1.1591254294532368e-5,-1.690235279228555e-5,0.2914118766784668
1.2931713083904928e-5,-1.6902352792302182e-5,0.29149389266967773
1.1874179660253642e-5,-1.690235279231042e-5,0.29157590866088867
1.2084646421484005e-5,-1.6902352792323667e-5,0.2916569709777832
1.5432544172675295e-5,-1.690235279233759e-5,0.29173898696899414
9.84742607119046e-6,-1.690235279235198e-5,0.2918210029602051
1.212487970247151e-5,-1.6902352792358385e-5,0.2919018268585205
8.105776594744207e-6,-1.6902352792365063e-5,0.29198384284973145
1.3145227483524346e-5,-1.6902352792375485e-5,0.2920658588409424
7.11052183261977e-6,-1.690235279238301e-5,0.29214978218078613
1.1604883336409765e-5,-1.690235279239086e-5,0.29223179817199707
8.365252075666646e-6,-1.6902352792397707e-5,0.2923128604888916
7.5787168562229e-6,-1.690235279240349e-5,0.29239487648010254
9.086116809883352e-6,-1.6902352792417172e-5,0.29247593879699707
6.860319229458807e-6,-1.69023527924215e-5,0.292557954788208
8.234032325576404e-6,-1.6902352792424172e-5,0.29263997077941895
1.0713143969117968e-5,-1.690235279243032e-5,0.2927238941192627
5.743961288244373e-6,-1.690235279243745e-5,0.2928049564361572
5.858785939319879e-6,-1.690235279244372e-5,0.29288578033447266
6.5938233250934626e-6,-1.6902352792447923e-5,0.2929677963256836
6.2582929363831135e-6,-1.690235279245047e-5,0.2930488586425781
7.560594338435562e-6,-1.6902352792460144e-5,0.29313087463378906
7.358537267687623e-6,-1.6902352792468187e-5,0.2932119369506836
6.948284640675264e-6,-1.690235279247247e-5,0.29329395294189453
6.551678084491191e-6,-1.690235279247562e-5,0.29337596893310547
4.655515048569451e-6,-1.6902352792478006e-5,0.2934567928314209
5.694218238267776e-6,-1.6902352792479883e-5,0.29353880882263184
4.720388640331848e-6,-1.690235279248391e-5,0.2936208248138428
7.031867010110401e-6,-1.6902352792487537e-5,0.2937018871307373
4.78739277164322e-6,-1.690235279249011e-5,0.29378294944763184
3.9721419690061695e-6,-1.6902352792495275e-5,0.2938649654388428
8.277559886352508e-6,-1.690235279249917e-5,0.2939488887786865
7.029879247349735e-6,-1.6902352792503824e-5,0.29402995109558105
4.3330989184931635e-6,-1.690235279250683e-5,0.2941107749938965
4.254054084378802e-6,-1.6902352792511772e-5,0.294191837310791
4.592516761468794e-6,-1.690235279251287e-5,0.294281005859375
4.694925212000277e-6,-1.690235279251634e-5,0.29436278343200684
4.070257948721775e-6,-1.6902352792518023e-5,0.29444384574890137
5.1012275990220985e-6,-1.6902352792520456e-5,0.2945280075073242
5.53084932217465e-6,-1.6902352792523512e-5,0.29460883140563965
3.901984638478256e-6,-1.6902352792528103e-5,0.2946898937225342
4.220685267031809e-6,-1.690235279252979e-5,0.2947709560394287
4.1309832468458525e-6,-1.6902352792533358e-5,0.29485297203063965
4.049256503760188e-6,-1.690235279253438e-5,0.2949337959289551
4.950940006155442e-6,-1.690235279253747e-5,0.2950148582458496
2.913905113253768e-6,-1.6902352792538952e-5,0.29509687423706055
3.7338738480471378e-6,-1.6902352792539674e-5,0.2951779365539551
2.911627591598052e-6,-1.6902352792541567e-5,0.2952609062194824
5.6414984266608095e-6,-1.6902352792546453e-5,0.29534196853637695
4.968787824669356e-6,-1.690235279254862e-5,0.2954249382019043
4.066355978256257e-6,-1.6902352792550817e-5,0.29550695419311523
3.8582631117649975e-6,-1.6902352792553358e-5,0.29559993743896484
4.2295672329647755e-6,-1.690235279255521e-5,0.29570579528808594
2.7821809012770428e-6,-1.6902352792556607e-5,0.2957918643951416
4.356878074245066e-6,-1.6902352792558044e-5,0.29587483406066895
3.994631478305668e-6,-1.6902352792561747e-5,0.2959578037261963
4.408284045535132e-6,-1.690235279256381e-5,0.29604077339172363
3.4212221882035915e-6,-1.690235279256606e-5,0.2961239814758301
3.664416199287957e-6,-1.690235279256715e-5,0.2962069511413574
2.7147707294779344e-6,-1.690235279256913e-5,0.29628992080688477
3.0964117948910595e-6,-1.6902352792570546e-5,0.2963728904724121
3.054332548996588e-6,-1.6902352792571607e-5,0.29645586013793945
3.482558788090531e-6,-1.6902352792572776e-5,0.2965388298034668
2.7570759667492283e-6,-1.6902352792574114e-5,0.29662084579467773
4.022735347551853e-6,-1.6902352792575605e-5,0.2967038154602051
2.895787748976781e-6,-1.6902352792578915e-5,0.2967867851257324
2.585176935471464e-6,-1.6902352792580192e-5,0.29686999320983887
2.626956954424966e-6,-1.6902352792581297e-5,0.2969529628753662
3.2359790421836944e-6,-1.6902352792582062e-5,0.29703593254089355
2.292537242902276e-6,-1.6902352792583502e-5,0.2971189022064209
2.6799622834701196e-6,-1.690235279258424e-5,0.29720091819763184
2.425003704221893e-6,-1.6902352792584878e-5,0.2972848415374756
2.396226502998645e-6,-1.690235279258599e-5,0.29736781120300293
3.0874000159772113e-6,-1.6902352792586193e-5,0.2974507808685303
3.108503331448567e-6,-1.6902352792587094e-5,0.2975349426269531
3.0129193999978617e-6,-1.6902352792588676e-5,0.2976198196411133
1.8473397736941298e-6,-1.6902352792589506e-5,0.2977027893066406
